base_method,n_clusters,random_state,time,balance_metric,max_fairness_cost,adjusted_mutual_info,adjusted_rand,completeness,fowlkes_mallows,homogeneity,mutual_info,normalized_mutual_info,rand_score,v_measure,silhouette_score,calinski_harabasz,davies_bouldin,dataset
KMT,2,42,60.007720947265625,0.5395238095238095,0.025004354221829946,0.0005199591948692353,-0.012207579111710332,0.0005003868734921128,0.6943770728290423,0.0006228069283027708,0.00026441571805309316,0.0005549254476736546,0.5705233641121371,0.0005549254476736546,0.6532994399925631,27457.287360966857,0.7444008611755466,taiwan_credit_AGE_BINNED
KMT,4,42,131.52556610107422,0.4201190476190476,0.02969655237555493,0.0010110757155910766,-0.013847204836864265,0.001519810623089118,0.5545057456632995,0.0008353965285867058,0.0008031022364841517,0.0010781595306675635,0.4866923764125471,0.0010781595306675635,0.4542685734490627,14007.23890194765,1.6684291258714,taiwan_credit_AGE_BINNED
KMT,8,42,206.61048913002014,0.0,0.06103838383838384,0.0018175269350057086,-0.011339586404176488,0.0035261448717061827,0.4554403434606538,0.0013371176671520132,0.0018632945378934257,0.001938974327305295,0.4396149249419425,0.001938974327305295,0.3428574281259102,7549.091214177375,1.7955519944117992,taiwan_credit_AGE_BINNED
KMT,16,42,176.65071892738342,0.0,0.08004067085953878,0.003412021939410864,-0.007183542412903993,0.00831090887937759,0.36410024101477356,0.002313822954518253,0.00439167183519072,0.003619850747981139,0.40518760847583807,0.003619850747981139,0.1964751992733265,3174.4115996110286,2.5131916746653564,taiwan_credit_AGE_BINNED
