base_method,n_clusters,random_state,time,balance_metric,max_fairness_cost,adjusted_mutual_info,adjusted_rand,completeness,fowlkes_mallows,homogeneity,mutual_info,normalized_mutual_info,rand_score,v_measure,silhouette_score,calinski_harabasz,davies_bouldin,dataset
KMT,2,42,6.2670063972473145,0.84099758854638,0.026714622941961856,0.05717595155004934,0.08035603080160186,0.05375012665500082,0.5811398380020543,0.061299564929525985,0.03699452955236157,0.05727715274121775,0.5409452890387396,0.05727715274121776,0.7161885594615793,24245.007106116835,0.4227834452111603,compass_age_cat
KMT,4,42,13.358358383178711,0.6099484318568255,0.056808175898128005,0.25430796707526204,0.22954342938909617,0.3324226838933186,0.5818925328823217,0.20614606314068437,0.2287961269766153,0.2544805206787882,0.6141168579003863,0.2544805206787882,0.4552215337134771,13035.927670730538,1.0398710771501323,compass_age_cat
KMT,8,42,19.770474672317505,0.0,0.3751906016079845,0.2087022648824727,0.1326240702933853,0.3400505773518418,0.44977674150946395,0.15092719104565414,0.2340461672562385,0.20906396076009442,0.5642414884777973,0.20906396076009445,0.34368411295554774,6875.802439485883,1.269871630503754,compass_age_cat
KMT,16,42,24.88532829284668,0.0,0.5210239349413178,0.16141909043408018,0.07803512948569244,0.35021409985227747,0.34131665293826235,0.10537680738484086,0.24104140162864865,0.16200693717700324,0.535850484971706,0.16200693717700324,0.2517508198323489,4629.959979147977,1.6104065874477183,compass_age_cat
