base_method,n_clusters,random_state,time,balance_metric,max_fairness_cost,adjusted_mutual_info,adjusted_rand,completeness,fowlkes_mallows,homogeneity,mutual_info,normalized_mutual_info,rand_score,v_measure,silhouette_score,calinski_harabasz,davies_bouldin,dataset
KMT,2,42,50.00971436500549,0.8767533632358161,0.005063326176113199,0.0008039878394305561,0.0054710801814067045,0.0009160239018525455,0.5780258757071103,0.0007295517707852276,0.00049529479941543,0.0008122225805719268,0.5068093763907919,0.0008122225805719267,0.5086625125707875,161764.7471206679,0.6791039469375226,diabetes_race
KMT,4,42,40.202165842056274,0.705929399435018,0.02271153241676623,0.000947347807693514,-0.0003235128083351287,0.0016835388183039834,0.415563928461226,0.0006746562387021094,0.0009102906808802769,0.000963287547814604,0.432823000640425,0.0009632875478146036,0.4490155835950279,241185.0449841084,0.6641674087400726,diabetes_race
KMT,8,42,48.23375391960144,0.703776724444554,0.022877786873127238,0.0007775744289222078,-0.00024073570020280324,0.0017199711870184858,0.3292274531079926,0.0005204943130231366,0.000929989689517699,0.0007991510883699341,0.40400763079361957,0.0007991510883699341,0.3460903189644372,212239.93796802472,0.8371946319362622,diabetes_race
KMT,16,42,47.90553045272827,0.709150376294892,0.026940317488934634,0.0007386672840337523,-0.0003469481017071524,0.0018629594397683751,0.30393092504840735,0.0004847773518419067,0.0010073035432515282,0.000769354168684605,0.3967884092301331,0.000769354168684605,0.16912105195774227,89866.88072359157,1.3727636721897296,diabetes_race
