base_method,n_clusters,random_state,time,balance_metric,max_fairness_cost,adjusted_mutual_info,adjusted_rand,completeness,fowlkes_mallows,homogeneity,mutual_info,normalized_mutual_info,rand_score,v_measure,silhouette_score,calinski_harabasz,davies_bouldin,dataset
KMT,2,42,59.351564168930054,0.910571526097425,0.0029685627792168305,0.0009078931054956265,0.00462838500343659,0.0010384036362644845,0.57423263668148,0.0008195472602136104,0.0005614656120825345,0.00091608541077118,0.5046239558592135,0.0009160854107711797,0.5122745218326398,163680.34869968778,0.6728643551714283,diabetes_age
KMT,4,42,60.855002641677856,0.6789691122123299,0.006031987602982837,0.0009558381899744333,-0.0030814555544011898,0.0014488313434509353,0.4709179119843694,0.0007270761444410414,0.0007833841761007154,0.0009682495354268821,0.45400395095806506,0.000968249535426882,0.44631465898971884,170171.35978893942,0.6589148150892147,diabetes_age
KMT,8,42,56.68594241142273,0.6257726674238389,0.006777654396799818,0.0008018546588099473,-3.87225824406196e-05,0.0017713496327073437,0.3297933620725512,0.0005363976330401681,0.0009577700529997818,0.0008234417731726996,0.4042412946637482,0.0008234417731726998,0.3454336629280583,197194.96751274858,0.8068482101938944,diabetes_age
KMT,16,42,61.36975598335266,0.47904050004109067,0.006361083565329039,0.0006708863713954885,0.004402827332550518,0.0016088822830789549,0.32918222606270525,0.00044660812784563667,0.0008699238372154444,0.0006991420641526567,0.4055160613128567,0.0006991420641526566,0.21599755400479206,126122.75901476106,1.0846438460977668,diabetes_age
