base_method,n_clusters,random_state,time,balance_metric,max_fairness_cost,adjusted_mutual_info,adjusted_rand,completeness,fowlkes_mallows,homogeneity,mutual_info,normalized_mutual_info,rand_score,v_measure,silhouette_score,calinski_harabasz,davies_bouldin,dataset
KMT,2,42,5.534487009048462,0.9138550820346205,0.018228477648404157,0.05717595155004934,0.08035603080160186,0.05375012665500082,0.5811398380020543,0.061299564929525985,0.03699452955236157,0.05727715274121775,0.5409452890387396,0.05727715274121776,0.7161885594615793,24245.007106116835,0.4227834452111613,compass_sex
KMT,4,42,12.660473108291626,0.7206982674764046,0.0540096918312192,0.25430796707526204,0.22954342938909617,0.3324226838933186,0.5818925328823217,0.20614606314068437,0.2287961269766153,0.2544805206787882,0.6141168579003863,0.2544805206787882,0.4552215337134771,13035.927670730538,1.0398710771501347,compass_sex
KMT,8,42,21.305770874023438,0.58012198502911,0.13995933832363,0.2087022648824727,0.1326240702933853,0.3400505773518418,0.44977674150946395,0.15092719104565414,0.2340461672562385,0.20906396076009442,0.5642414884777973,0.20906396076009445,0.34368411295554774,6875.802439485885,1.269871630503757,compass_sex
KMT,16,42,23.543506860733032,0.506992761262211,0.09533477932342882,0.16141909043408018,0.07803512948569244,0.35021409985227747,0.34131665293826235,0.10537680738484086,0.24104140162864865,0.16200693717700324,0.535850484971706,0.16200693717700324,0.2517508198323489,4629.959979147976,1.6104065874477245,compass_sex
