base_method,K,time,balance_metric,max_fairness_cost,adjusted_mutual_info,adjusted_rand,completeness,fowlkes_mallows,homogeneity,mutual_info,normalized_mutual_info,rand_score,v_measure,silhouette_score,calinski_harabasz,davies_bouldin,dataset
FRAC,2,190.5000026226044,0,0.0034497318240464,0.0009725057010094,0.0035326648995043,0.0011156106706471,0.5712862846350137,0.0008748478274286,0.0006032115125232,0.0009806680947282,0.502812800883594,0.0009806680947282,0.507503010798534,161775.92346536813,0.6765453104246791,diabetes_gender
FRAC,4,16513.32676076889,0,0.0096670296453915,0.0009548459853773,-0.000906270115916,0.0017209251204323,0.4045973526375012,0.0006758630653491,0.0009305054820182,0.0009705569595441,0.4286050135078184,0.0009705569595441,0.4366418257570243,228537.0709137126,0.6688556162967243,diabetes_gender
FRAC,8,760.7020757198334,0,0.016454306954172,0.0007423050873349,8.229116635740196e-05,0.0018604011655639,0.2852123969796624,0.0004848176333964,0.0010059202825021,0.0007691864747601,0.3919858303477778,0.0007691864747601,0.330176269910272,246659.62677918043,0.9179917196065548,diabetes_gender
FRAC,16,1963.775004863739,0,0.019007724377283042,0.000699191153781238,0.0001497857099966728,0.0022776583913511556,0.20210204546185218,0.00044515443863681953,0.0012315315722653888,0.0007447517004779523,0.3738467658253656,0.0007447517004779522,0.21005223855832303,209419.52491156632,1.5081000767035193,diabetes_gender
