base_method,K,time,balance_metric,max_fairness_cost,adjusted_mutual_info,adjusted_rand,completeness,fowlkes_mallows,homogeneity,mutual_info,normalized_mutual_info,rand_score,v_measure,silhouette_score,calinski_harabasz,davies_bouldin,dataset
FRAC,2,426.13762187957764,0.9054291913366608,0.0031004748301080316,0.0009725057010094658,0.0035326648995043456,0.0011156106706471372,0.5712862846350137,0.0008748478274286193,0.0006032115125232107,0.0009806680947282798,0.502812800883594,0.00098066809472828,0.507503010798534,161775.9234653682,0.6765453104246805,diabetes_age
FRAC,4,14724.438055038452,0.6790546642026124,0.006030810405910301,0.0009379616073123752,-0.0005450848309617416,0.0016926790781993553,0.4040906398493239,0.0006638295018209292,0.0009152328261478049,0.0009536568792922582,0.42853500128698374,0.0009536568792922582,0.4288161197876333,224329.2247812677,0.67457875453199,diabetes_age
FRAC,8,515.4965534210205,0.45769159996319814,0.008848565852452249,0.0007423050873349679,8.229116635740196e-05,0.0018604011655639942,0.28521239697966244,0.0004848176333964723,0.001005920282502168,0.0007691864747601135,0.39198583034777784,0.0007691864747601135,0.33017626991027205,246659.6267791803,0.9179917196065457,diabetes_age
FRAC,16,10737.284218549728,0.2606712429260113,0.009853652914423073,0.00386107309188512,0.0007037568150230446,0.01188290818869609,0.20652641100361707,0.0023376417237217324,0.006425097222779248,0.003906738087082558,0.37484814907411396,0.003906738087082557,0.20206828502033047,202641.27456541333,1.6676276568791666,diabetes_age
