base_method,K,time,balance_metric,max_fairness_cost,adjusted_mutual_info,adjusted_rand,completeness,fowlkes_mallows,homogeneity,mutual_info,normalized_mutual_info,rand_score,v_measure,silhouette_score,calinski_harabasz,davies_bouldin,dataset
FRAC,2,73.89500069618225,0.6625000000000001,0.011780007623403851,0.0005202242024115626,-0.00885249392922973,0.0005887024845071005,0.6168683931575715,0.0005154750549106684,0.0003110836802617256,0.0005496606020212281,0.5228393146438215,0.000549660602021228,0.5509100761915796,22308.089606076872,0.864039484217119,taiwan_credit_AGE_BINNED
FRAC,4,73.87786793708801,0.0,0.024714167979362142,0.0008986641966258898,0.0015810530958999395,0.001640444122853652,0.44777064660374055,0.000672196320605771,0.0008668477005465691,0.0009536290058925746,0.44011958843072546,0.0009536290058925745,0.2115086838358179,12022.870370372233,1.3821626431473282,taiwan_credit_AGE_BINNED
FRAC,8,78.1635217666626,0.0,0.034565157791923484,0.0036935270921573927,0.0005227415273484703,0.008865538501596375,0.33169825716166146,0.002408173627931038,0.0046847506459697305,0.003787529035983396,0.3969052679533762,0.003787529035983396,0.13166175926905285,7562.20090488733,1.7299952993573555,taiwan_credit_AGE_BINNED
FRAC,16,1051.952689409256,0.0,0.04209075630252101,0.003524571749584171,-0.00269479581161309,0.011018904426478918,0.2326094464001535,0.0022104315387058092,0.005822637803730785,0.0036822005171495316,0.3693198373279109,0.0036822005171495307,0.0484945127339767,4769.852906581148,1.9231150752201205,taiwan_credit_AGE_BINNED
