base_method,K,time,balance_metric,max_fairness_cost,adjusted_mutual_info,adjusted_rand,completeness,fowlkes_mallows,homogeneity,mutual_info,normalized_mutual_info,rand_score,v_measure,silhouette_score,calinski_harabasz,davies_bouldin,dataset
FRAC,2,134.73758220672607,0.9834531618931268,0.00029828300761102454,0.027507452285779645,0.03559723629549893,0.03981742928360957,0.6499439024367847,0.021035575612584925,0.014369077488711426,0.027528058666056156,0.52346783261797,0.027528058666056156,0.12811280380416568,6488.2348076220405,1.8736671780501768,bank_default
FRAC,4,380.1860673427582,0.41582113549732086,0.010530750803337319,0.07176605333397403,0.05916196777977074,0.16534866168558204,0.5217646860944822,0.045858692336390505,0.059670043374519824,0.07180311916302098,0.41644193530542484,0.07180311916302098,0.1747294184694605,32788.200678448746,1.2466497732739332,bank_default
FRAC,8,991.2633745670319,0.050568477330812975,0.01711500942194131,0.050764822189261656,0.014901209133956674,0.16991315858371528,0.3399338284251622,0.029882170294234175,0.061317251916264075,0.05082575221897658,0.2946445703280121,0.05082575221897658,0.1351069145354058,21740.191342434766,1.676479159656829,bank_default
FRAC,16,716.700254201889,0.028727923165148543,0.017508720059728918,0.049913944676306644,0.010366274482140222,0.21458809330059972,0.24818793483630186,0.028306741166177873,0.0774392771273262,0.050015799041082755,0.2539842461309154,0.050015799041082755,0.15493617363884357,22698.401235888672,1.656078002687267,bank_default
