base_method,K,time,balance_metric,max_fairness_cost,adjusted_mutual_info,adjusted_rand,completeness,fowlkes_mallows,homogeneity,mutual_info,normalized_mutual_info,rand_score,v_measure,silhouette_score,calinski_harabasz,davies_bouldin,dataset
FRAC,2,165.05782508850098,0.9776440808650682,0.009061483344767168,0.0005062570073302406,-0.008743609511239193,0.0005737578324776273,0.6168950803740689,0.0005023646949996184,0.0003031865888175611,0.0005356930482479099,0.522882096069869,0.0005356930482479099,0.5508238328282712,22303.77115385606,0.8640477464297378,taiwan_credit_SEX
FRAC,4,376.64886808395386,0.9578205031203548,0.01671432863017408,0.0009236753870003688,0.001404263502661479,0.0016827848770683777,0.4478904497250165,0.0006899632458466691,0.0008892215107356022,0.0009786624249162718,0.4401183972799093,0.0009786624249162718,0.21528627654727497,12060.12584738101,1.39630697592062,taiwan_credit_SEX
FRAC,8,847.9755704402924,0.8589467411545623,0.06507353951890038,0.0013115830243415746,0.0001722517636432202,0.0033534468061226018,0.3144022341505871,0.0008877962803779063,0.0017720369821166704,0.001403917455425699,0.3914940964698823,0.001403917455425699,0.14008437777468505,7661.643004454477,1.8453515972125802,taiwan_credit_SEX
FRAC,16,426.42233395576477,0.7640115080198058,0.09351437308868502,0.0033363818366667227,-0.004906005781945624,0.009977671355604895,0.27556225905827875,0.00212368836462776,0.005272426747684525,0.0035019973050715043,0.3789626054201807,0.0035019973050715043,0.1623917980325202,4923.497454787105,2.0753727324121884,taiwan_credit_SEX
