base_method,K,time,balance_metric,max_fairness_cost,adjusted_mutual_info,adjusted_rand,completeness,fowlkes_mallows,homogeneity,mutual_info,normalized_mutual_info,rand_score,v_measure,silhouette_score,calinski_harabasz,davies_bouldin,dataset
FRAC,2,10.471237182617188,0.9863915083047452,0.0026315284051677,0.0408707889657033,0.049324695969912,0.0409401322514046,0.5296621953320364,0.0409948239558863,0.0281778114156549,0.0409674598502486,0.5247145446464815,0.0409674598502486,0.0919037389155734,434.9978915668249,3.649173165162058,compass_sex
FRAC,4,23.54314994812012,0.7625086099151157,0.0459246588811218,0.1979681396020883,0.1800078649825431,0.2964941391934423,0.4857736231356478,0.1487734633232293,0.2040676343871145,0.1981301118407619,0.5880913966023595,0.1981301118407619,0.3817933281826122,11384.621303557797,1.13042741033956,compass_sex
FRAC,8,32.52873730659485,0.689510155316607,0.06004066167637,0.1239560017939556,0.1000085785922933,0.2287597025131629,0.3894087113992396,0.0853260093557368,0.1574481420170807,0.1242918845350154,0.5473032530558235,0.1242918845350154,0.3436587893283375,6018.922316976245,1.771066788508864,compass_sex
FRAC,16,99.18958735466003,0.5745917960971724,0.0822628838985922,0.1958938046601437,0.1071490663195148,0.4589592755887051,0.3401005351366991,0.1249427266388606,0.3158873018677271,0.1964152309445255,0.5500640324159806,0.1964152309445256,0.1046133181184447,4298.408328695863,1.7990630789402506,compass_sex
