base_method,K,time,balance_metric,max_fairness_cost,adjusted_mutual_info,adjusted_rand,completeness,fowlkes_mallows,homogeneity,mutual_info,normalized_mutual_info,rand_score,v_measure,silhouette_score,calinski_harabasz,davies_bouldin,dataset
FRAC,2,59.73470687866211,0.44480028467218213,0.0077383106485188185,0.0005168494068379164,-0.008829078738264738,0.0005850591267680802,0.6169069862786498,0.0005123351600559433,0.0003091584477991627,0.0005462874464608574,0.5228678311499272,0.0005462874464608573,0.550947761582346,22312.05105283031,0.863979535821942,taiwan_credit_MARRIAGE
FRAC,4,175.1250422000885,0.19517145812596368,0.018012953692115148,0.0009541783038075353,0.00139208437135878,0.001736577849620877,0.44723023568373776,0.000711195810227055,0.0009176469315793079,0.0010091185398736612,0.43983470337900155,0.0010091185398736612,0.2151434118124625,12048.48464161951,1.4018256810874214,taiwan_credit_MARRIAGE
FRAC,8,166.5563566684723,0.0,0.029590832666132886,0.0029574700444127237,0.0002425674535859329,0.007223574281961184,0.32206793850162385,0.0019334721249420533,0.0038170996919740935,0.0030504551131446157,0.39383051435047833,0.0030504551131446166,0.13504307450869057,7629.618213851979,1.7830257877489901,taiwan_credit_MARRIAGE
FRAC,16,241.45366668701172,0.0,0.03371563728242558,0.0036793009753148275,-0.003508991018922609,0.011016158610145084,0.27493738524615935,0.002328115461791567,0.005821186852404892,0.0038438792626064437,0.3792588708512506,0.0038438792626064437,0.12389093500256278,4959.833877189373,1.9095158966863173,taiwan_credit_MARRIAGE
