base_method,K,time,balance_metric,max_fairness_cost,adjusted_mutual_info,adjusted_rand,completeness,fowlkes_mallows,homogeneity,mutual_info,normalized_mutual_info,rand_score,v_measure,silhouette_score,calinski_harabasz,davies_bouldin,dataset
FRAC,2,140.26648902893066,0.3902765368794969,0.003543955502142904,0.027110362875612106,0.034780454890769995,0.039258088519886096,0.649390700055218,0.02072795012539489,0.0141672259146359,0.027130969780167418,0.5228394085877093,0.02713096978016742,0.12798845358752164,6527.2048125290785,1.8699294397287942,bank_AGE_BINNED
FRAC,4,195.81410884857178,0.44730814704150934,0.0116964538058409,0.07143221479000454,0.1365703773125742,0.14625139345233065,0.6342583567080701,0.04729321398199544,0.05277833459262579,0.07147394636715018,0.5205755278632059,0.0714739463671502,0.40589959779952695,25606.79138020859,1.4860719649134542,bank_AGE_BINNED
FRAC,8,331.1665503978729,0.0,0.022534801333632875,0.047230494515817026,0.013105094221439474,0.15878560720640336,0.3347319793647165,0.027783025821860683,0.057301607238117294,0.047291386055093296,0.29176111493459816,0.0472913860550933,0.12851703853910518,22109.542578492747,2.0367785860689382,bank_AGE_BINNED
FRAC,16,803.5749344825745,0.0,0.04323653723820992,0.0444624703695801,0.0063485024348257715,0.1922416315660264,0.23768194172463322,0.025203433676104926,0.06937501868473545,0.04456435197152286,0.2495512464299532,0.04456435197152286,0.13818541930369083,20039.498510399426,1.911733274783817,bank_AGE_BINNED
