base_method,K,time,balance_metric,max_fairness_cost,adjusted_mutual_info,adjusted_rand,completeness,fowlkes_mallows,homogeneity,mutual_info,normalized_mutual_info,rand_score,v_measure,silhouette_score,calinski_harabasz,davies_bouldin,dataset
FRAC,2,208.3705291748047,0.9836828626816136,0.0021373996747526304,0.027356876533093995,0.034890836468897166,0.039617821009164306,0.6493862549500246,0.020915432718407703,0.014297044039679283,0.027377476634455854,0.5228488665628099,0.02737747663445585,0.12813982923971487,6519.307890843051,1.871745730875829,bank_education
FRAC,4,407.5765941143036,0.8150421412003669,0.015170348579313417,0.06789000712843218,0.05482964380150794,0.1571035135796151,0.5164421824148773,0.043331096682427114,0.05669458327646396,0.06792706636012037,0.41181754712797397,0.06792706636012037,0.16182644344486022,32345.93997527648,1.278273937921225,bank_education
FRAC,8,644.242912530899,0.8031591983384746,0.04180232535238879,0.04620451842719922,0.016058717356778458,0.15466064559837753,0.34124860389107875,0.027201440887003568,0.055813015582400295,0.046265744445071595,0.2954902958861365,0.046265744445071595,0.13818811263018507,22807.486909395033,2.1915866687279095,bank_education
FRAC,16,1309.8748834133148,0.4697019468326797,0.07332408979737859,0.0501780018879527,0.009626011555940922,0.21592549862484015,0.24623178800869872,0.02845255122315427,0.07792191202072793,0.05027973104646503,0.2531519697625033,0.05027973104646502,0.14718879478974925,22585.144215742166,1.7532475460988317,bank_education
