base_method,K,time,balance_metric,max_fairness_cost,adjusted_mutual_info,adjusted_rand,completeness,fowlkes_mallows,homogeneity,mutual_info,normalized_mutual_info,rand_score,v_measure,silhouette_score,calinski_harabasz,davies_bouldin,dataset
FRAC,2,114.06209421157835,0.9819030001960856,0.0081861409428639,0.0275171783133217,0.0349953915983421,0.0398507259268796,0.6494123757914755,0.0210376331193947,0.0143810933836566,0.027537774534344,0.5228867180327866,0.027537774534344,0.1281426334808635,6511.739552389056,1.8729332260731288,bank_housing
FRAC,4,212.28109645843503,0.7886601430362593,0.0938690953017822,0.0716848716168102,0.0592665093976606,0.1650668647841309,0.5222708167845107,0.0458141651865408,0.0595683501817175,0.0717219620095398,0.4168437798728018,0.0717219620095399,0.1719179081831278,32586.595392017047,1.253341258760432,bank_housing
FRAC,8,344.1994791030884,0.6729091222872166,0.1452812792318331,0.0475914577574872,0.0148105714801208,0.1599768862986897,0.3367931547122406,0.0279957097263261,0.0577315089644648,0.0476523340789905,0.2930592195709673,0.0476523340789906,0.1332928318023864,21740.80135015661,2.045842000131274,bank_housing
FRAC,16,853.4978086948395,0.3897735515037615,0.27103928938207433,0.04316092542527292,0.006010170359478827,0.1871472840147451,0.23524411823354247,0.02445833562128728,0.06753660078494098,0.0432626608964177,0.24864016925802807,0.0432626608964177,0.13480668891166453,19063.794945634338,1.9625382259150117,bank_housing
