base_method,K,time,balance_metric,max_fairness_cost,adjusted_mutual_info,adjusted_rand,completeness,fowlkes_mallows,homogeneity,mutual_info,normalized_mutual_info,rand_score,v_measure,silhouette_score,calinski_harabasz,davies_bouldin,dataset
FRAC,2,190.50000262260437,0,0.0034497318240464176,0.0009725057010094658,0.0035326648995043456,0.0011156106706471372,0.5712862846350137,0.0008748478274286193,0.0006032115125232107,0.0009806680947282798,0.502812800883594,0.00098066809472828,0.507503010798534,161775.92346536813,0.6765453104246791,diabetes_gender
FRAC,4,16513.32676076889,0,0.009667029645391569,0.000954845985377309,-0.0009062701159160671,0.0017209251204323114,0.4045973526375012,0.0006758630653491274,0.0009305054820182013,0.00097055695954416,0.42860501350781843,0.0009705569595441601,0.43664182575702437,228537.0709137126,0.6688556162967243,diabetes_gender
FRAC,8,760.7020757198334,0,0.016454306954172087,0.0007423050873349679,8.229116635740196e-05,0.0018604011655639942,0.28521239697966244,0.0004848176333964723,0.001005920282502168,0.0007691864747601135,0.39198583034777784,0.0007691864747601135,0.33017626991027205,246659.62677918043,0.9179917196065548,diabetes_gender
FRAC,16,2062.422698497772,0,0.019007724377283042,0.0006996363450855414,0.00015120182349025177,0.002279002212490374,0.20210932347711208,0.00044542146942227876,0.0012322581773466026,0.0007451972474350502,0.3738485737290241,0.0007451972474350502,0.2100572293164931,209429.09748552556,1.5078835745725523,diabetes_gender
