base_method,K,time,balance_metric,max_fairness_cost,adjusted_mutual_info,adjusted_rand,completeness,fowlkes_mallows,homogeneity,mutual_info,normalized_mutual_info,rand_score,v_measure,silhouette_score,calinski_harabasz,davies_bouldin,dataset
FRAC,2,19.98275065422058,0.5792330421377184,0.0235072047845958,0.0631145404255463,0.0794716381695575,0.063289313730334,0.5433504061120304,0.0631284632410716,0.0435600533962219,0.0632087861548419,0.5397628062045353,0.0632087861548419,0.1231707614823701,744.4228145584746,2.739661156685949,compass_race
FRAC,4,26.229088068008423,0.5226526275115919,0.0460722953231963,0.270857286375959,0.2184157818464842,0.4042866023757567,0.5137481872482451,0.2038135609672859,0.2782578123994479,0.2710049990073265,0.6074073200011485,0.2710049990073264,0.3867206175033381,11639.637144048174,1.0876826645496758,compass_race
FRAC,8,7.778843879699707,0.0,0.0604257782957929,0.1427052694627312,0.1202140092036175,0.2491709264139178,0.4224424238261834,0.1003259250461575,0.1714965484635071,0.1430530980902986,0.5577185188112014,0.1430530980902986,0.3784306837069108,6237.987824078149,1.6138343200818233,compass_race
FRAC,16,20.12273097038269,0.0,0.0616219802062145,0.1874031641546963,0.1073825550145165,0.4351386159280331,0.3449006673673854,0.1198484026442909,0.2994922875186495,0.187934731093269,0.5502592871794377,0.187934731093269,0.0904048537296839,4276.401002175264,1.920951380273155,compass_race
