base_method,K,time,balance_metric,max_fairness_cost,adjusted_mutual_info,adjusted_rand,completeness,fowlkes_mallows,homogeneity,mutual_info,normalized_mutual_info,rand_score,v_measure,silhouette_score,calinski_harabasz,davies_bouldin,dataset
FRAC,2,4.711869478225708,0.5822475967403504,0.2528501388150511,0.0509344268715011,0.078696672338156,0.0408978723070048,0.6692778079835789,0.0712077685575657,0.0272343828610032,0.0519553914196382,0.5528316876631484,0.0519553914196382,0.7728550865593495,1125.1255859426692,0.6280405283861997,titanic_sex
FRAC,4,1.651487112045288,0.5446383022140597,0.294645804449726,0.0534511317627139,0.1077994657236223,0.0701577445098509,0.5454014126129247,0.0457053561312675,0.0467188821047414,0.0553512668044589,0.5518405024023002,0.0553512668044589,0.5817531219267162,970.00456157827,0.5934775646619952,titanic_sex
FRAC,8,1.752729892730713,0.5147313691507799,0.3142536475869809,0.0458101573664578,0.102024683766197,0.0822336336998714,0.4701286033018441,0.0351230904965067,0.0547603613073584,0.0492225627133908,0.5421379840855496,0.0492225627133908,0.4551423750268095,1098.3780269631495,0.8398655789253355,titanic_sex
FRAC,16,1.553276300430298,0.4541747374859822,0.3534693338614907,0.0446560640711298,0.0827618377139647,0.1064368648352788,0.3842540158473465,0.0331493599079456,0.070877582718462,0.0505538988018126,0.5263672934084919,0.0505538988018126,0.4982957231473178,625.6941203564411,1.2450778219708862,titanic_sex
