base_method,K,time,balance_metric,max_fairness_cost,adjusted_mutual_info,adjusted_rand,completeness,fowlkes_mallows,homogeneity,mutual_info,normalized_mutual_info,rand_score,v_measure,silhouette_score,calinski_harabasz,davies_bouldin,dataset
FRAC,2,925.8501064777374,0.9189986019085414,0.0035485101650498,0.0009725057010094,0.0035326648995043,0.0011156106706471,0.5712862846350137,0.0008748478274286,0.0006032115125232,0.0009806680947282,0.502812800883594,0.0009806680947282,0.5013825852332368,159467.9241400006,0.6860952494297321,diabetes_race
FRAC,4,23346.184751033783,0.7146701885487365,0.0220364676026605,0.0009278588305088,-0.0009683456724612,0.0016697297019625,0.4061144583903296,0.0006576187867255,0.0009028240814884,0.0009436022375688,0.4291373292020043,0.0009436022375688,0.4269226913422528,224156.43942494967,0.6918436521099459,diabetes_race
FRAC,8,4910.557095766068,0.7064674369981565,0.0226699789342583,0.000761001739871,-0.000250690026693,0.0018896555284665,0.2912109586138235,0.0004978854013342,0.0010217381381023,0.0007881179245396,0.3934250172274853,0.0007881179245396,0.2834717807976118,210064.6041216493,0.9820077727935824,diabetes_race
FRAC,16,5366.768979072571,0.6377553547697384,0.0279767205124916,0.0010954966114697,0.0004776882924084,0.0034468682049677,0.2116163422326251,0.0006841042906457,0.0018637241809283,0.0011416281908497,0.3757246431139888,0.0011416281908497,0.1884493887969045,165682.379398955,1.8215309276622529,diabetes_race
