base_method,K,time,balance_metric,max_fairness_cost,adjusted_mutual_info,adjusted_rand,completeness,fowlkes_mallows,homogeneity,mutual_info,normalized_mutual_info,rand_score,v_measure,silhouette_score,calinski_harabasz,davies_bouldin,dataset
FRAC,2,67.50773048400879,0,0.008787657508947978,0.0005134844949903704,-0.008805636033923212,0.0005814267211115594,0.6169455964466308,0.0005092042586912638,0.00030723900266418913,0.0005429241750686925,0.5228963654344033,0.0005429241750686925,0.5510404313150951,22316.643457688402,0.8639219019285147,taiwan_credit_EDUCATION
FRAC,4,159.5817015171051,0,0.022924678459363475,0.0006785783946506637,-6.50144068415129e-05,0.001245628216350547,0.4568342726567759,0.0005206279228956756,0.0006582180642648594,0.0007343315803058913,0.44352395968754516,0.0007343315803058914,0.2241658217058642,11894.636486018726,1.4550785220586009,taiwan_credit_EDUCATION
FRAC,8,675.1603014469147,0,0.040217922759655036,0.0031047795523002947,-0.003030740642716652,0.007474619630673251,0.32974277331780455,0.0020349677541361176,0.0039497577205117596,0.003199005236999102,0.39516176316988344,0.0031990052369991018,0.1542721241063115,7714.958218806502,1.6156035812845713,taiwan_credit_EDUCATION
FRAC,16,225.45310926437378,0,0.04415207710202725,0.0032004414846598965,-0.001291222041164457,0.009875216682784462,0.2533141326420646,0.002025152883046018,0.005218287386088868,0.0033610424323741494,0.37456392324188587,0.003361042432374149,0.11142776000126466,4912.032027632149,1.9978597368522868,taiwan_credit_EDUCATION
