base_method,K,time,balance_metric,max_fairness_cost,adjusted_mutual_info,adjusted_rand,completeness,fowlkes_mallows,homogeneity,mutual_info,normalized_mutual_info,rand_score,v_measure,silhouette_score,calinski_harabasz,davies_bouldin,dataset
FRAC,2,113.73804306983948,0.9819881187803592,0.0034592982999794,0.0283871545470411,0.0395565933391363,0.040978697033926,0.6531348280623485,0.0217389979424344,0.0147881489001424,0.028407798176892,0.5270045125627394,0.028407798176892,0.1308929836689647,6403.2840806924105,1.8650743971578416,bank_marital
FRAC,4,133.43952870368958,0.9004303784210789,0.0208550814456846,0.0658930154125296,0.0536023242092962,0.152426767322984,0.5163806169439468,0.042061697692177,0.0550068668526355,0.0659301682167667,0.4116093425165711,0.0659301682167667,0.1525778778168144,32370.554294798927,1.2700254213389788,bank_marital
FRAC,8,225.10770559310916,0.8565548392386826,0.0315832274679205,0.0486764368245729,0.0148851485991802,0.162414244658421,0.3419797151683862,0.0286706268661303,0.0586110883790292,0.0487376961786083,0.2956730277615786,0.0487376961786083,0.1354341644845118,22289.471267753408,1.59458686084757,bank_marital
FRAC,16,652.155966758728,0.7928383708782641,0.0390997315238789,0.0495163203135107,0.0090623869195949,0.2138780344003663,0.2426918695246393,0.0280641871691955,0.0771830352869419,0.0496177405485695,0.2517798618036804,0.0496177405485695,0.1518195280274817,23033.381170839555,1.714839844929967,bank_marital
