base_method,K,time,balance_metric,max_fairness_cost,adjusted_mutual_info,adjusted_rand,completeness,fowlkes_mallows,homogeneity,mutual_info,normalized_mutual_info,rand_score,v_measure,silhouette_score,calinski_harabasz,davies_bouldin,dataset
FRAC,2,4.297857761383057,0.2683983093957334,0.1154780077316124,0.0249289954468057,0.0323260302408002,0.0251009194500067,0.5188401027265116,0.0249533510638608,0.0172761770841022,0.0250269177287552,0.5161698810225861,0.0250269177287552,0.0893749482943419,365.9407132261941,4.11441420588171,compass_age_cat
FRAC,4,81.2802882194519,0.2254459415287791,0.1304370501658837,0.175300244711368,0.1746854404281736,0.2591122602818685,0.48754031403822,0.1326490119560273,0.178338857355696,0.1754690304926882,0.5855118428740332,0.1754690304926882,0.3006212260047857,10510.374324938111,1.5115230389139542,compass_age_cat
FRAC,8,110.94680643081664,0.0,0.5037690329805334,0.1618010569979649,0.1233305341483178,0.2790645571424064,0.4282577678991138,0.114220389554908,0.1920713986868519,0.1620955121493909,0.5593386336801937,0.1620955121493909,0.4141197551317712,7781.452927391553,1.2796586707488369,compass_age_cat
FRAC,16,101.41475796699524,0.0,0.49621401097173,0.2103118450963861,0.1556637589474166,0.4493125138377762,0.4121172591498201,0.1377784544715422,0.3092477377422326,0.2108892388842755,0.5748908293334614,0.2108892388842755,0.0795810981563652,4399.772108987726,1.490513652727063,compass_age_cat
